Team,Rating Week 6,Rank Week 6
Georgia,1470.2394798155672,1.0
Iowa,1452.1322946263042,2.0
Alabama,1421.742510079067,3.0
Penn State,1412.3152945415968,4.0
Michigan,1404.7753568796238,5.0
Coastal Carolina,1384.7763390147627,6.0
Wake Forest,1347.382813723033,7.0
Cincinnati,1340.2228777103483,8.0
Oklahoma,1321.6432825566196,9.0
Michigan State,1305.9862246090804,10.0
Auburn,1302.8017025276074,11.0
Pittsburgh,1299.2455379534772,12.0
Southern Methodist,1296.5258562062497,13.0
Ohio State,1294.9288939306214,14.0
Kentucky,1282.8921376394972,15.0
Texas-San Antonio,1281.9478810828502,16.0
Texas,1281.6454825947674,17.0
Houston,1262.881511363191,18.0
Oregon State,1262.8231944961867,19.0
Baylor,1257.0567245699874,20.0
Arizona State,1256.5189952259484,21.0
Brigham Young,1252.0024138036579,22.0
North Carolina State,1251.5430196507953,23.0
Boston College,1247.0061203066102,24.0
Air Force,1246.7453357392155,25.0
Liberty,1245.1308867415955,26.0
Western Michigan,1237.5710939343778,27.0
San Diego State,1219.229891349382,28.0
Oklahoma State,1196.628712451776,29.0
Oregon,1177.0219915157775,30.0
Appalachian State,1171.8073437060664,31.0
Mississippi,1145.6790515588286,32.0
Fresno State,1145.1611967029844,33.0
Tennessee,1144.116651522566,34.0
Notre Dame,1122.1757236146332,35.0
Arkansas,1119.441696135572,36.0
Virginia Tech,1114.1762445916918,37.0
Maryland,1107.3502289331698,38.0
Iowa State,1098.097725389146,39.0
Texas Tech,1095.5608181809298,40.0
Florida,1095.1109372399665,41.0
Louisiana State,1084.0384230848922,42.0
Minnesota,1078.253048948515,43.0
North Carolina,1077.4341043083696,44.0
Wyoming,1069.4994365180603,45.0
Clemson,1063.5756988939045,46.0
Army,1059.17251894653,47.0
Southern California,1053.1889491803295,48.0
Louisville,1047.9924273143845,49.0
Virginia,1041.9474183665436,50.0
Texas A&M,1037.3643781910464,51.0
Kansas State,1022.9758661400853,52.0
Nevada,1002.5882346845177,53.0
Louisiana,998.8738091987107,54.0
Nebraska,998.6099834300926,55.0
Mississippi State,996.3446847383119,56.0
Texas-El Paso,992.7815349667366,57.0
South Alabama,987.7634408172821,58.0
Rutgers,983.262818884421,59.0
South Carolina,978.6390226798944,60.0
UCLA,941.0510667723215,61.0
East Tennessee State,934.2280889210454,62.0
Stanford,922.4499173208116,63.0
Syracuse,896.0851110546052,64.0
Purdue,888.1590567898991,65.0
Toledo,869.0471291105456,66.0
Alabama-Birmingham,856.401583096203,67.0
Florida Atlantic,854.6055978799488,68.0
Montana,843.3661122245405,69.0
South Dakota State,815.6292000191363,70.0
Utah,814.7241193271734,71.0
Texas Christian,812.1237597262725,72.0
Memphis,806.9665996360021,73.0
Boise State,803.8400560296495,74.0
East Carolina,795.1369294915091,75.0
Duke,793.4249865832224,76.0
West Virginia,775.2848786887862,77.0
Incarnate Word,774.2104769827432,78.0
California-Davis,750.3827033573439,79.0
Holy Cross,744.1843502100701,80.0
Eastern Washington,737.7173675581618,81.0
Central Florida,722.5113793061647,82.0
Northern Arizona,720.587669967781,83.0
Eastern Michigan,714.452134228455,84.0
Northern Illinois,691.7800053094197,85.0
Washington,686.5940141084463,86.0
Miami (FL),632.5381096672485,87.0
Georgia Tech,624.2169848913592,88.0
Washington State,568.1334991099571,89.0
Temple,565.080718169361,90.0
Tennessee State,544.647008144248,91.0
Missouri,544.0101382475941,92.0
Northwestern,534.2954956497266,93.0
Prairie View A&M,519.1246732387552,94.0
Arkansas-Pine Bluff,517.2581151660447,95.0
Samford,516.4852062776856,96.0
Wofford,515.249761999049,97.0
Yale,510.5803618206575,98.0
Rhode Island,508.5021752434707,99.0
Bucknell,507.47294603134117,100.0
Charlotte,506.7155865093531,101.0
Louisiana Tech,490.8569019443064,102.0
Miami (OH),481.0755361888578,103.0
Middle Tennessee State,419.1473288538581,104.0
Hawaii,387.9035048037446,105.0
Chattanooga,331.8448900700392,106.0
Bowling Green State,244.3952026530809,107.0
Buffalo,242.88198163687656,108.0
Alcorn State,242.4111166307571,109.0
Southern Illinois,233.01348759809792,110.0
Stephen F. Austin,223.70073876780245,111.0
Utah State,180.35963486272584,112.0
Villanova,168.1305521612318,113.0
Towson,125.20586063569827,114.0
South Dakota,80.69091468256175,115.0
Troy,71.76229166654556,116.0
Missouri State,44.53563239566154,117.0
Central Michigan,37.8302792213424,118.0
Richmond,37.76323067968429,119.0
San Jose State,27.72581473429237,120.0
Northern Iowa,-5.808168527061148,121.0
Kent State,-7.529762575663678,122.0
North Dakota,-22.222773103868377,123.0
Youngstown State,-64.49655814566901,124.0
Montana State,-76.72630667362361,125.0
Delaware,-80.95799777616983,126.0
Western Illinois,-90.91613230105511,127.0
Mercer,-128.54778588452862,128.0
Austin Peay,-137.31104288600125,129.0
Southeast Missouri State,-146.17346997829847,130.0
Houston Baptist,-174.85654380812898,131.0
Charleston Southern,-183.24496570150248,132.0
Louisiana-Monroe,-183.8588324892519,133.0
Weber State,-195.24920310155704,134.0
Duquesne,-243.84400765639143,135.0
Southeastern Louisiana,-244.54909827880053,136.0
Albany,-264.0107762921035,137.0
Marshall,-271.8416420192848,138.0
Central Arkansas,-275.773237619218,139.0
Stony Brook,-290.58662940351456,140.0
Indiana,-326.5795806170221,141.0
St. Francis (PA),-330.673320563506,142.0
North Carolina Central,-361.8693794306883,143.0
Jacksonville State,-362.45453730499185,144.0
Lafayette,-376.2771326246675,145.0
Ball State,-413.6870109131831,146.0
Idaho State,-416.7664125168726,147.0
Sacramento State,-435.4445759558891,148.0
Jackson State,-441.6912784863957,149.0
Tennessee-Martin,-457.71708983720293,150.0
Monmouth,-460.8561108491578,151.0
North Carolina A&T,-468.35918423828946,152.0
Northwestern State,-478.6663166667617,153.0
Illinois,-486.63021084524206,154.0
Northern Colorado,-493.50677089689583,155.0
Citadel,-495.43368787153526,156.0
Colorado State,-498.7983491147195,157.0
Western Kentucky,-532.5617683336354,158.0
Kennesaw State,-541.8251527865243,159.0
Furman,-550.3793896584749,160.0
New Hampshire,-564.5455826692431,161.0
Wisconsin,-573.8046014687664,162.0
Elon,-602.2443296684766,163.0
Maine,-640.6822861665055,164.0
Indiana State,-652.8503573351555,165.0
Cal Poly,-656.6668150442912,166.0
McNeese State,-658.2269107056418,167.0
Alabama State,-664.6367722602603,168.0
Abilene Christian,-677.345373420103,169.0
Campbell,-696.0256187252335,170.0
Florida A&M,-733.0016834589119,171.0
Morgan State,-736.2927259893395,172.0
Bryant,-775.3212604343506,173.0
Howard,-796.1399122424599,174.0
Virginia Military Institute,-814.1270908220982,175.0
Southern,-816.4385459581822,176.0
William & Mary,-841.926302887603,177.0
Eastern Illinois,-845.3383321610653,178.0
Eastern Kentucky,-850.7999656504115,179.0
Tennessee Tech,-852.5704085385206,180.0
Hampton,-889.2409302057541,181.0
Colgate,-911.4447291148552,182.0
Lamar,-914.7063879919749,183.0
Texas State,-962.0015720887689,184.0
Western Carolina,-967.2121020532995,185.0
Bethune-Cookman,-974.3848782073826,186.0
Gardner-Webb,-1019.8745645871638,187.0
Nicholls State,-1134.8485033117342,188.0
Southern Utah,-1156.8569561003653,189.0
Georgia Southern,-1172.6329714973274,190.0
Portland State,-1187.194277599958,191.0
Illinois State,-1194.1544747497007,192.0
Central Connecticut State,-1205.2832312193052,193.0
Robert Morris,-1222.7380074208434,194.0
Florida State,-1257.2667766542374,195.0
Norfolk State,-1266.6082710768271,196.0
North Texas,-1384.4032044856467,197.0
Texas Southern,-1410.7295753434908,198.0
South Carolina State,-1464.1166524061327,199.0
Murray State,-1507.691431401221,200.0
California,-1508.763286737047,201.0
Tulane,-1526.5798645469088,202.0
New Mexico,-1570.7208852674305,203.0
Tulsa,-1577.3175792813465,204.0
Fordham,-1579.2514217312798,205.0
Old Dominion,-1648.350496763511,206.0
South Florida,-1650.307528877581,207.0
Navy,-1688.5846074219892,208.0
Georgia State,-1772.653543770963,209.0
Colorado,-1820.1741991910696,210.0
Southern Mississippi,-1845.7454401932227,211.0
Florida International,-1866.980327530898,212.0
Wagner,-1873.5354305766891,213.0
Idaho,-1944.3751387581713,214.0
Vanderbilt,-1954.0687473122373,215.0
Ohio,-1956.3992283359655,216.0
Kansas,-1983.8262667328813,217.0
Rice,-2029.7145190528092,218.0
Arkansas State,-2153.7004561574786,219.0
Arizona,-2157.4162251051694,220.0
Grambling State,-2296.8899120847223,221.0
Akron,-2361.4746499959083,222.0
New Mexico State,-2432.7046602697574,223.0
Nevada-Las Vegas,-2481.839215717848,224.0
Long Island,-2520.0399795576927,225.0
Massachusetts,-2764.021184598304,226.0
Connecticut,-2770.345885136206,227.0
